<?xml version="1.0" encoding="utf-8"?>
<contactinfo>
	<contestname>ARRLDXSSB</contestname>
	<contestnr>6</contestnr>
	<timestamp>2018-03-03 17:53:53</timestamp>
	<mycall>M0BPQ</mycall>
	<band>14</band>
	<rxfreq>1430225</rxfreq>
	<txfreq>1430225</txfreq>
	<operator>M0BLF</operator>
	<mode>USB</mode>
	<call>KM8Q</call>
	<countryprefix>K</countryprefix>
	<wpxprefix>KM8</wpxprefix>
	<stationprefix>M0BPQ</stationprefix>
	<continent>NA</continent>
	<snt>59</snt>
	<sntnr>404</sntnr>
	<rcv>59</rcv>
	<rcvnr>0</rcvnr>
	<gridsquare></gridsquare>
	<exchange1></exchange1>
	<section>OH</section>
	<comment></comment>
	<qth></qth>
	<name></name>
	<power></power>
	<misctext></misctext>
	<zone>4</zone>
	<prec></prec>
	<ck>0</ck>
	<ismultiplier1>0</ismultiplier1>
	<ismultiplier2>0</ismultiplier2>
	<ismultiplier3>0</ismultiplier3>
	<points>3</points>
	<radionr>1</radionr>
	<RoverLocation></RoverLocation>
	<RadioInterfaced>1</RadioInterfaced>
	<NetworkedCompNr>0</NetworkedCompNr>
	<IsOriginal>True</IsOriginal>
	<NetBiosName>LAPTOP-O0NMJLJK</NetBiosName>
	<IsRunQSO>1</IsRunQSO>
	<StationName>LAPTOP-O0NMJLJK</StationName>
</contactinfo>